ts_sec,ts_usec,identifier,opcode,aa_flag,tc_flag,rd_flag,ra_flag,rcode,ttl,rdata,answers_count,authority_count,additional_count,s_addr,d_addr,q_name,q_type,q_class
1505818664,494864,4536,0,1,0,1,1,0,86400,138.48.4.212,1,0,0,187.124.15.180,187.124.15.148,mailstore1.srv.fundp.ac.be,A,IN
1505818664,502557,16064,0,0,0,1,1,0,13,23.206.34.3,4,0,0,187.124.85.210,187.124.15.148,www.apple.com,A,IN
1505818664,502707,31620,0,0,0,1,1,0,271,216.58.207.132,1,0,0,187.124.199.157,187.124.15.148,www.google.com,A,IN
1505818664,503960,2041,0,1,0,0,0,0,300,94.245.88.28,1,0,0,187.124.15.148,95.174.171.147,eur.clientlogportal.office.akadns.net,A,IN
1505818664,504045,29968,0,1,0,0,0,0,300,2a01.0111.f100.a000.0000.0000.5ef5.581c,1,0,0,187.124.15.148,95.174.171.147,eur.clientlogportal.office.akadns.net,AAAA,IN
1505818664,504110,49097,0,0,0,1,1,0,300,94.245.88.28,3,0,0,187.124.43.243,187.124.15.148,clientlog.portal.office.com,A,IN
1505818664,504150,49097,0,0,0,1,1,0,300,94.245.88.28,3,0,0,187.124.43.243,187.124.15.148,clientlog.portal.office.com,A,IN
1505818664,504241,3864,0,0,0,1,1,0,300,2a01.0111.f100.a000.0000.0000.5ef5.581c,3,0,0,187.124.43.243,187.124.15.148,clientlog.portal.office.com,AAAA,IN
1505818664,507322,8272,0,0,0,1,1,0,139,94.245.88.28,1,0,0,187.124.43.243,187.124.15.148,eur.clientlogportal.office.akadns.net,A,IN
1505818664,508856,44262,0,0,0,1,1,0,137,2a01.0111.f100.a000.0000.0000.5ef5.581c,1,0,0,187.124.43.243,187.124.15.148,eur.clientlogportal.office.akadns.net,AAAA,IN
1505818664,518265,37459,0,1,0,1,1,0,60,138.48.4.191/138.48.4.190/138.48.4.189,4,0,0,187.124.15.187,187.124.15.148,imap.fundp.ac.be,A,IN
1505818664,519819,43800,0,1,0,1,1,0,60,138.48.4.191/138.48.4.190/138.48.4.189,4,0,0,187.124.15.187,187.124.15.148,imap.fundp.ac.be,A,IN
1505818664,523808,7489,0,0,0,1,1,0,148,216.58.206.46/216.58.206.78/216.58.204.46/216.58.212.110/216.58.206.142/216.58.198.174/216.58.201.46/172.217.23.14/216.58.204.14/216.58.204.78/216.58.198.110/172.217.23.46/216.58.198.238/216.58.210.46/216.58.206.110,16,0,0,187.124.223.209,187.124.15.148,i1.ytimg.com,A,IN
1505818664,527196,29782,0,0,0,1,1,0,9,54.72.131.159/52.49.53.233,3,0,0,187.124.21.255,187.124.15.148,api.ownpage.fr,A,IN
1505818664,532260,38838,0,1,0,1,1,0,86400,138.48.4.212,1,0,0,187.124.15.159,187.124.15.148,mailstore1.srv.fundp.ac.be,A,IN
1505818664,532478,407,0,1,0,1,1,0,,,0,1,0,187.124.15.159,187.124.15.148,mailstore1.srv.fundp.ac.be,AAAA,IN
1505818664,539915,26218,0,1,0,1,1,0,86400,138.48.4.212,1,0,0,187.124.15.159,187.124.15.148,mailstore1.srv.fundp.ac.be,A,IN
1505818664,539929,53953,0,1,0,1,1,0,,,0,1,0,187.124.15.159,187.124.15.148,mailstore1.srv.fundp.ac.be,AAAA,IN
1505818664,553034,57528,0,1,0,0,0,3,,,0,0,0,187.124.15.148,203.219.233.150,3.1o19sr00no9563s5p356966qr8prq1q8r177q7s9so7s45n9r623ooo9312q2p2.o5sp8r741p635393648s2q125s12qrn970o3ps5p26o573o2n30noo21sr2rroq.s5014n9r3rn99o2r4773n309q0oo002o92rs1nr49q15pq.47o68097q1pqs929r3597s0qq9n1o05qnp272105.i.06.s.sophosxl.net,TXT,IN
1505818664,553037,1298,0,1,0,1,1,0,86400,138.48.5.192,1,0,0,187.124.13.208,187.124.15.148,cloud1.srv.fundp.ac.be,A,IN
1505818664,553120,16279,0,0,0,1,1,3,,,0,0,0,187.124.53.184,187.124.15.148,3.1o19sr00no9563s5p356966qr8prq1q8r177q7s9so7s45n9r623ooo9312q2p2.o5sp8r741p635393648s2q125s12qrn970o3ps5p26o573o2n30noo21sr2rroq.s5014n9r3rn99o2r4773n309q0oo002o92rs1nr49q15pq.47o68097q1pqs929r3597s0qq9n1o05qnp272105.i.06.s.sophosxl.net,TXT,IN
1505818664,556397,45003,0,0,0,0,0,0,10,,1,0,0,187.124.15.148,203.182.170.159,36.129.192.54.ip.04.s.sophosxl.net,TXT,IN
1505818664,556522,26597,0,0,0,1,1,0,10,,1,0,0,187.124.21.255,187.124.15.148,36.129.192.54.ip.04.s.sophosxl.net,TXT,IN
1505818664,556591,47955,0,0,0,0,0,0,10,,1,0,0,187.124.15.148,203.182.170.248,fpevcg.bjacntr.se.m.04.s.sophosxl.net,TXT,IN
1505818664,556722,27228,0,0,0,1,1,0,10,,1,0,0,187.124.21.255,187.124.15.148,fpevcg.bjacntr.se.m.04.s.sophosxl.net,TXT,IN
1505818664,562239,33173,0,0,0,1,1,0,282,127.0.0.1,1,0,0,187.124.61.156,187.124.15.148,discordapp.io,A,IN
1505818664,562793,43201,0,0,0,1,1,0,,,0,1,0,187.124.61.156,187.124.15.148,discordapp.io,AAAA,IN
1505818664,564039,20639,0,0,0,1,1,0,282,127.0.0.1,1,0,0,187.124.61.156,187.124.15.148,discordapp.io,A,IN
1505818664,566216,12389,0,0,0,0,0,0,10,,1,0,0,187.124.15.148,203.182.164.218,178.40.223.23.ip.04.s.sophosxl.net,TXT,IN
1505818664,566238,28230,0,1,0,0,0,0,600,194.134.35.204,1,15,11,187.124.15.148,215.212.39.146,rbldns6.sorbs.net,A,IN
1505818664,566340,49227,0,0,0,1,1,0,10,,1,0,0,187.124.21.255,187.124.15.148,178.40.223.23.ip.04.s.sophosxl.net,TXT,IN
1505818664,567593,44868,0,0,0,1,1,0,2579,178.250.2.66,1,0,0,187.124.89.178,187.124.15.148,cat.nl.eu.criteo.com,A,IN
1505818664,569911,4727,0,1,0,1,1,0,86400,138.48.160.107,1,0,0,187.124.171.251,187.124.15.148,simon07.pool.fundp.ac.be,A,IN
1505818664,573552,65372,0,0,0,0,0,0,10,,1,0,0,187.124.15.148,203.236.188.211,1.uvg-2rkvgv.ybtv4.kvgv.pbz.m.04.s.sophosxl.net,TXT,IN
1505818664,573693,5099,0,0,0,1,1,0,10,,1,0,0,187.124.21.255,187.124.15.148,1.uvg-2rkvgv.ybtv4.kvgv.pbz.m.04.s.sophosxl.net,TXT,IN
1505818664,582724,44412,0,0,0,0,0,0,10,,1,0,0,187.124.15.148,203.182.164.218,159.131.72.54.ip.04.s.sophosxl.net,TXT,IN
1505818664,582804,15619,0,0,0,1,1,0,10,,1,0,0,187.124.21.255,187.124.15.148,159.131.72.54.ip.04.s.sophosxl.net,TXT,IN
1505818664,583001,30392,0,0,0,0,0,0,10,,1,0,0,187.124.15.148,203.182.170.159,ncv.bjacntr.se.m.04.s.sophosxl.net,TXT,IN
1505818664,583141,10322,0,0,0,1,1,0,10,,1,0,0,187.124.21.255,187.124.15.148,ncv.bjacntr.se.m.04.s.sophosxl.net,TXT,IN
1505818664,583673,57161,0,0,0,1,1,0,26,54.228.198.41/46.137.167.137/54.217.209.77/54.247.169.20/54.75.250.219/46.137.88.70/54.247.107.239/54.247.81.29,10,0,0,187.124.245.123,187.124.15.148,beacon.krxd.net,A,IN
1505818664,583690,38983,0,1,0,1,1,0,86400,138.48.4.57,1,0,0,187.124.15.187,187.124.15.148,ldap.fundp.ac.be,A,IN
1505818664,583704,44669,0,1,0,1,1,0,,,0,1,0,187.124.15.187,187.124.15.148,ldap.fundp.ac.be,AAAA,IN
1505818664,584628,63906,0,0,0,1,1,0,26,54.228.222.160/54.228.246.69/54.217.221.42/54.217.233.101/54.217.238.34/54.228.246.102/54.217.228.150/176.34.121.118,8,0,0,187.124.245.123,187.124.15.148,beacon-a-v2-596299490.eu-west-1.elb.amazonaws.com,A,IN
1505818664,589060,38274,0,1,0,1,1,0,86400,138.48.4.57,1,0,0,187.124.15.187,187.124.15.148,ldap.fundp.ac.be,A,IN
1505818664,589077,5003,0,1,0,1,1,0,,,0,1,0,187.124.15.187,187.124.15.148,ldap.fundp.ac.be,AAAA,IN
1505818664,591610,41684,0,1,0,1,1,0,86400,138.48.4.57,1,0,0,187.124.15.187,187.124.15.148,ldap.fundp.ac.be,A,IN
1505818664,591628,33334,0,1,0,1,1,0,,,0,1,0,187.124.15.187,187.124.15.148,ldap.fundp.ac.be,AAAA,IN
1505818664,594333,34723,0,1,0,1,1,0,86400,138.48.4.57,1,0,0,187.124.15.187,187.124.15.148,ldap.fundp.ac.be,A,IN
1505818664,594360,41415,0,1,0,1,1,0,,,0,1,0,187.124.15.187,187.124.15.148,ldap.fundp.ac.be,AAAA,IN
1505818664,594773,30147,0,1,0,0,0,0,20,104.86.110.17/104.86.110.50,2,0,0,187.124.15.148,85.180.59.221,a1621.g.akamai.net,A,IN
1505818664,594923,24135,0,0,0,1,1,0,20,104.86.110.17/104.86.110.50,5,0,0,187.124.189.243,187.124.15.148,ctldl.windowsupdate.com,A,IN
1505818664,596862,4849,0,1,0,1,1,0,86400,138.48.4.57,1,0,0,187.124.15.187,187.124.15.148,ldap.fundp.ac.be,A,IN
1505818664,596889,61110,0,1,0,1,1,0,,,0,1,0,187.124.15.187,187.124.15.148,ldap.fundp.ac.be,AAAA,IN
1505818664,599927,26463,0,1,0,1,1,0,86400,138.48.4.57,1,0,0,187.124.15.187,187.124.15.148,ldap.fundp.ac.be,A,IN
1505818664,599951,20739,0,1,0,1,1,0,,,0,1,0,187.124.15.187,187.124.15.148,ldap.fundp.ac.be,AAAA,IN
1505818664,600851,22637,0,1,0,0,0,0,,,0,1,0,187.124.15.148,245.175.206.125,beacon-a-v2-596299490.eu-west-1.elb.amazonaws.com,AAAA,IN
1505818664,600988,49866,0,0,0,1,1,0,,,0,1,0,187.124.245.123,187.124.15.148,beacon-a-v2-596299490.eu-west-1.elb.amazonaws.com,AAAA,IN
1505818664,601122,26852,0,1,0,1,1,0,86400,138.48.4.57,1,0,0,187.124.15.187,187.124.15.148,ldap.fundp.ac.be,A,IN
1505818664,601129,41491,0,1,0,1,1,0,,,0,1,0,187.124.15.187,187.124.15.148,ldap.fundp.ac.be,AAAA,IN
1505818664,606487,45615,0,1,0,1,1,0,86400,138.48.5.192,1,0,0,187.124.13.208,187.124.15.148,cloud1.srv.fundp.ac.be,A,IN
1505818664,612140,14507,0,1,0,0,0,0,20,92.122.202.152,1,0,0,187.124.15.148,87.151.188.209,e13136.g.akamaiedge.net,A,IN
1505818664,612241,39762,0,0,0,1,1,0,20,92.122.202.152,1,0,0,187.124.9.208,187.124.15.148,e13136.g.akamaiedge.net,A,IN
1505818664,612456,30291,0,1,0,0,0,0,300,,1,2,0,187.124.15.148,207.126.93.146,3.1o19sr00nn3osn8qp35q9opqr8844384o877q7s9so7s45n9r695n0qr927o8s2.n5qp8r741p635393648s29q02870452r9o0nrp9s37746190030s18412r5878o.r2111r8039q6p173o2q592r4.87316967q51o3qop5rs88n8q87682717335n29o3.i.03.s.sophosxl.net,TXT,IN
1505818664,612614,2549,0,0,0,1,1,0,300,,1,0,0,187.124.55.186,187.124.15.148,3.1o19sr00nn3osn8qp35q9opqr8844384o877q7s9so7s45n9r695n0qr927o8s2.n5qp8r741p635393648s29q02870452r9o0nrp9s37746190030s18412r5878o.r2111r8039q6p173o2q592r4.87316967q51o3qop5rs88n8q87682717335n29o3.i.03.s.sophosxl.net,TXT,IN
1505818664,613266,40089,0,0,0,1,1,0,35,34.193.244.109,3,0,0,187.124.59.155,187.124.15.148,inventory.data.gov,A,IN
1505818664,613282,27148,0,0,0,1,1,0,215,,2,1,0,187.124.59.155,187.124.15.148,inventory.data.gov,AAAA,IN
1505818664,613771,41162,0,1,0,1,1,0,86400,138.48.4.57,1,0,0,187.124.15.187,187.124.15.148,ldap.fundp.ac.be,A,IN
1505818664,613789,56038,0,1,0,1,1,0,,,0,1,0,187.124.15.187,187.124.15.148,ldap.fundp.ac.be,AAAA,IN
1505818664,618973,29364,0,1,0,1,1,0,86400,138.48.4.57,1,0,0,187.124.15.187,187.124.15.148,ldap.fundp.ac.be,A,IN
1505818664,618999,27275,0,1,0,1,1,0,,,0,1,0,187.124.15.187,187.124.15.148,ldap.fundp.ac.be,AAAA,IN
1505818664,619323,49392,0,1,0,1,1,0,86400,138.48.5.192,1,0,0,187.124.13.208,187.124.15.148,cloud1.srv.fundp.ac.be,A,IN
1505818664,619769,57205,0,1,0,1,1,0,60,138.48.4.191/138.48.4.190/138.48.4.189,4,0,0,187.124.15.187,187.124.15.148,imap.fundp.ac.be,A,IN
1505818664,622811,62241,0,0,0,1,1,0,78,216.58.201.46,2,0,0,187.124.219.180,187.124.15.148,android.clients.google.com,A,IN
1505818664,623125,58433,0,1,0,1,1,0,86400,138.48.4.57,1,0,0,187.124.15.187,187.124.15.148,ldap.fundp.ac.be,A,IN
1505818664,623130,12311,0,1,0,0,0,3,,,0,0,0,187.124.15.148,243.212.138.155,3.1o19sr00n5pq0s9op37517q0r88o760r9577q7s9so7s45n9r65rsrp64408602.q09p8r741p635393648s2q125s12qrn970o3ppqs6754302413on78476pss9n0.q5104p9s29s6po2r3949nr.sq4qs5ss5r0qp8r38r277sr0p7666884722n49o0.i.08.s.sophosxl.net,TXT,IN
1505818664,623144,40448,0,1,0,1,1,0,,,0,1,0,187.124.15.187,187.124.15.148,ldap.fundp.ac.be,AAAA,IN
1505818664,623242,10005,0,0,0,1,1,3,,,0,0,0,187.124.187.212,187.124.15.148,3.1o19sr00n5pq0s9op37517q0r88o760r9577q7s9so7s45n9r65rsrp64408602.q09p8r741p635393648s2q125s12qrn970o3ppqs6754302413on78476pss9n0.q5104p9s29s6po2r3949nr.sq4qs5ss5r0qp8r38r277sr0p7666884722n49o0.i.08.s.sophosxl.net,TXT,IN
1505818664,627720,31326,0,0,0,1,1,0,28,52.178.178.16,4,0,0,187.124.75.222,187.124.15.148,settings-win.data.microsoft.com,A,IN
1505818664,628064,32433,0,1,0,1,1,0,86400,138.48.4.57,1,0,0,187.124.15.187,187.124.15.148,ldap.fundp.ac.be,A,IN
1505818664,628082,29291,0,1,0,1,1,0,,,0,1,0,187.124.15.187,187.124.15.148,ldap.fundp.ac.be,AAAA,IN
1505818664,628211,40808,0,0,0,1,1,0,162,,3,0,0,187.124.75.222,187.124.15.148,settings-win.data.microsoft.com,AAAA,IN
1505818664,632915,18091,0,1,0,1,1,0,86400,138.48.4.212,1,0,0,187.124.15.159,187.124.15.148,mailstore1.srv.fundp.ac.be,A,IN
1505818664,632927,22697,0,1,0,1,1,0,,,0,1,0,187.124.15.159,187.124.15.148,mailstore1.srv.fundp.ac.be,AAAA,IN
1505818664,635159,19367,0,1,0,1,1,0,86400,138.48.4.57,1,0,0,187.124.15.187,187.124.15.148,ldap.fundp.ac.be,A,IN
1505818664,635172,51539,0,1,0,1,1,0,,,0,1,0,187.124.15.187,187.124.15.148,ldap.fundp.ac.be,AAAA,IN
1505818664,642129,46560,0,1,0,1,1,0,86400,138.48.4.57,1,0,0,187.124.15.187,187.124.15.148,ldap.fundp.ac.be,A,IN
1505818664,642141,48502,0,1,0,1,1,0,,,0,1,0,187.124.15.187,187.124.15.148,ldap.fundp.ac.be,AAAA,IN
1505818664,642326,28143,0,0,0,0,0,0,10,,1,0,0,187.124.15.148,203.182.164.218,41.198.228.54.ip.06.s.sophosxl.net,TXT,IN
1505818664,642449,25353,0,0,0,1,1,0,10,,1,0,0,187.124.245.123,187.124.15.148,41.198.228.54.ip.06.s.sophosxl.net,TXT,IN
1505818664,650687,10687,0,1,0,1,1,0,86400,138.48.4.57,1,0,0,187.124.15.187,187.124.15.148,ldap.fundp.ac.be,A,IN
1505818664,650735,40208,0,1,0,1,1,0,,,0,1,0,187.124.15.187,187.124.15.148,ldap.fundp.ac.be,AAAA,IN
1505818664,657833,52591,0,1,0,1,1,0,86400,138.48.4.57,1,0,0,187.124.15.187,187.124.15.148,ldap.fundp.ac.be,A,IN
1505818664,657846,32215,0,1,0,1,1,0,,,0,1,0,187.124.15.187,187.124.15.148,ldap.fundp.ac.be,AAAA,IN
1505818664,666644,32491,0,0,0,1,1,0,294,64.233.166.155/64.233.166.154/64.233.166.157/64.233.166.156,5,0,0,187.124.21.255,187.124.15.148,stats.g.doubleclick.net,A,IN
1505818664,668509,51006,0,0,0,1,1,0,199,64.233.166.154/64.233.166.157/64.233.166.155/64.233.166.156,4,0,0,187.124.21.255,187.124.15.148,stats.l.doubleclick.net,A,IN
1505818664,669315,64980,0,0,0,1,1,0,199,2a00.1450.400c.0c09.0000.0000.0000.009b,1,0,0,187.124.21.255,187.124.15.148,stats.l.doubleclick.net,AAAA,IN
1505818664,680294,14534,0,1,0,1,1,0,86400,138.48.5.192,2,0,0,187.124.59.146,187.124.15.148,documents.unamur.be,A,IN
1505818664,682941,1565,0,1,0,0,0,0,300,23.111.8.72,1,0,0,187.124.15.148,235.127.31.148,netdna.cedexis.netdna-cdn.com,A,IN
1505818664,683077,35921,0,0,0,1,1,0,300,23.111.8.72,2,0,0,187.124.21.255,187.124.15.148,netdna.cedexis.com,A,IN
